{
  "ssm_latent": {
    "standard": {
      "threshold": 1.0,
      "score": -57.11314389787109
    },
    "reward_low_FP_rate": {
      "threshold": 1.0,
      "score": -58.87314342333103
    },
    "reward_low_FN_rate": {
      "threshold": 1.0,
      "score": -139.11314389787108
    }
  }
}