{
  "ssm_latent_multiscale": {
    "standard": {
      "threshold": 0.99956393,
      "score": -39.27158716765055
    },
    "reward_low_FP_rate": {
      "threshold": 0.9997599,
      "score": -73.73410168114565
    },
    "reward_low_FN_rate": {
      "threshold": 0.9991552,
      "score": -86.37913638482247
    }
  }
}