{
  "ssm_latent": {
    "standard": {
      "threshold": 0.9994352,
      "score": -23.469454255707507
    },
    "reward_low_FP_rate": {
      "threshold": 0.9997539,
      "score": -40.98624584072899
    },
    "reward_low_FN_rate": {
      "threshold": 0.9994044,
      "score": -71.42122212756519
    }
  }
}