{
  "ssm_latent_jepa": {
    "standard": {
      "threshold": 42.097027,
      "score": 1.682678118795662
    },
    "reward_low_FP_rate": {
      "threshold": 42.097027,
      "score": -0.771093455803147
    },
    "reward_low_FN_rate": {
      "threshold": 42.097027,
      "score": 0.6826781187956621
    }
  }
}